method,dimension,recall@1,recall@10,time_seconds
Method 1: Direct INT3 (128D),128,0.583,0.8600154761904762,1.8403339385986328
Method 2: Avg Pooling + INT3 (64D),64,0.258,0.45411746031746036,1.5629932880401611
Method 3: PCA + INT3 (64D),64,0.168,0.3200527777777778,1.2423217296600342
Method 4: UMAP + INT3 (64D),64,0.002,0.013334920634920634,84.95650815963745
Method 5: AutoEncoder + INT3 (64D),64,0.092,0.20257261904761903,11.311574935913086
