method,dimension,recall@1,recall@10,time_seconds
Method 1: Direct INT3 (128D),128,0.568,0.7205757936507937,3.2105159759521484
Method 2: Avg Pooling + INT3 (64D),64,0.27,0.35083055555555553,2.97224760055542
Method 3: PCA + INT3 (64D),64,0.176,0.23793690476190477,2.4898176193237305
Method 4: UMAP + INT3 (64D),64,0.001,0.007976190476190477,191.75295281410217
Method 5: AutoEncoder + INT3 (64D),64,0.087,0.1368809523809524,22.90066909790039
