method,dimension,recall@1,recall@10,time_seconds
Method 1: Direct INT3 (128D),128,0.393,0.5348404761904761,0.3874492645263672
Method 2: Avg Pooling + INT3 (64D),64,0.204,0.44516626984126983,0.4095304012298584
Method 3: PCA + INT3 (64D),64,0.118,0.31725634920634915,0.31871795654296875
Method 4: UMAP + INT3 (64D),64,0.005,0.01967619047619048,67.14461731910706
Method 5: AutoEncoder + INT3 (64D),64,0.072,0.20974444444444443,2.9028143882751465
